{"cameraMode":{"drawMode":0,"name":"Shaded","section":"Shading Mode"},"sceneLighting":false,"audioPlay":false,"sceneViewState":{"showFog":true,"showMaterialUpdate":true,"showSkybox":false,"showFlares":true,"showImageEffects":true,"showParticleSystems":true},"in2DMode":false,"pivot":{"x":0.5805835723876953,"y":-0.08830761909484863,"z":-2.7621631622314455},"rotation":{"x":0.1407964527606964,"y":0.684707522392273,"z":-0.13737325370311738,"w":0.7017697095870972},"size":7.630667686462402,"orthographic":false}