{"cameraMode":{"drawMode":0,"name":"Shaded","section":"Shading Mode"},"sceneLighting":false,"audioPlay":false,"sceneViewState":{"showFog":true,"showMaterialUpdate":true,"showSkybox":false,"showFlares":true,"showImageEffects":true,"showParticleSystems":true},"in2DMode":false,"pivot":{"x":-1.890239953994751,"y":-0.3305346965789795,"z":0.2966737747192383},"rotation":{"x":0.2758362889289856,"y":0.12698274850845338,"z":-0.03678969666361809,"w":0.9520694613456726},"size":7.8519792556762699,"orthographic":false}