{"cameraMode":{"drawMode":0,"name":"Shaded","section":"Shading Mode"},"sceneLighting":false,"audioPlay":false,"sceneViewState":{"showFog":true,"showMaterialUpdate":true,"showSkybox":false,"showFlares":true,"showImageEffects":true,"showParticleSystems":true},"in2DMode":false,"pivot":{"x":1.3808794021606446,"y":-1.9763623476028443,"z":-0.7536587715148926},"rotation":{"x":0.18567200005054475,"y":0.32382041215896609,"z":-0.06496796011924744,"w":0.9254433512687683},"size":8.250606536865235,"orthographic":false}