{"cameraMode":{"drawMode":0,"name":"Shaded","section":"Shading Mode"},"sceneLighting":false,"audioPlay":false,"sceneViewState":{"showFog":true,"showMaterialUpdate":true,"showSkybox":false,"showFlares":true,"showImageEffects":true,"showParticleSystems":true},"in2DMode":false,"pivot":{"x":0.2543034553527832,"y":-23.41769790649414,"z":-10.428131103515625},"rotation":{"x":0.1832757294178009,"y":-0.04363901913166046,"z":0.008144176565110684,"w":0.9820587635040283},"size":2.756272554397583,"orthographic":false}