{"cameraMode":{"drawMode":0,"name":"Shaded","section":"Shading Mode"},"sceneLighting":true,"audioPlay":false,"sceneViewState":{"showFog":true,"showMaterialUpdate":true,"showSkybox":false,"showFlares":true,"showImageEffects":true,"showParticleSystems":true},"in2DMode":false,"pivot":{"x":-1.7646827697753907,"y":8.467955589294434,"z":-5.609938621520996},"rotation":{"x":0.07613446563482285,"y":0.4513150453567505,"z":-0.038682613521814349,"w":0.8882691264152527},"size":26.625638961791993,"orthographic":false}